X,Y,Z,X+2,Y+2,Z+2,X+3,Y+3,Z+3
-4.06601556505473,-3.1324960888049134,-1.1707000317092826,-1.3594962499670775,-2.7608408981768964,-0.7859884117178098,-1.2500911052448056,-1.8979592142959523,-0.3843442601098198
-4.06601556505473,-3.2071593695316465,-1.4599664182887282,-1.3594962499670775,-2.785126092026388,-1.5181741175882646,-1.2500911052448056,-2.6219951794927177,-1.5181741175882646
-4.224373124017412,-3.2071593695316465,-1.5494078634191852,-1.3668673107917126,-2.785126092026388,-1.5322276938565067,-1.210913638061926,-2.6219951794927177,-1.5322276938565067
-4.224373124017412,-3.2305522461130285,-1.5665323219170013,-1.3668673107917126,-2.7853214486557487,-1.5665323219170013,-1.210913638061926,-1.9165842072434245,-1.5665323219170013
-4.245767016420694,-3.2305522461130285,-1.6578185466445188,-1.4395525771347393,-2.7853214486557487,-1.6578185466445188,-1.4395525771347393,-1.9165842072434245,-1.6578185466445188
-4.245767016420694,-3.381974348387863,-1.7663054274196264,-1.4395525771347393,-3.0405137438641945,-1.7663054274196264,-1.4395525771347393,-2.7678637238595636,-1.7663054274196264
-4.38096535868729,-3.381974348387863,-1.8390264056032302,-4.277315054965144,-3.0405137438641945,-1.8390264056032302,-1.2635878491250563,-2.7678637238595636,-1.8390264056032302
-4.38096535868729,-3.534572734265212,-1.9287682514543827,-4.277315054965144,-3.22404898060383,-1.9287682514543827,-1.2635878491250563,-2.780504659574507,-1.9287682514543827
-4.48703570093173,-3.534572734265212,-1.9889363810355465,-1.4860709810503179,-3.22404898060383,-1.9889363810355465,-1.4860709810503179,-2.780504659574507,-1.9889363810355465
-4.48703570093173,-3.5857508609095543,-2.0484953185078525,-1.4860709810503179,-3.368523405304539,-2.0484953185078525,-1.4860709810503179,-2.904480654575946,-2.0484953185078525
-4.621913522518871,-3.5857508609095543,-2.0958981896286577,-1.4326335928851621,-3.368523405304539,-2.0958981896286577,-1.2586963759682117,-2.904480654575946,-2.0958981896286577
-4.621913522518871,-3.616130355519944,-2.1916355080884897,-1.4326335928851621,-3.371711642816067,-2.1916355080884897,-1.2586963759682117,-3.1268657812299714,-2.1916355080884897
-4.679447038283311,-3.616130355519944,-2.1743807226089973,-4.399423114465957,-3.371711642816067,-2.1743807226089973,-4.006365506817189,-3.1268657812299714,-2.1743807226089973
-4.679447038283311,-3.29440250027123,-2.377450343518929,-4.399423114465957,-2.8238972933184616,-2.377450343518929,-4.006365506817189,-2.768028077069742,-2.377450343518929
-5.173252156669591,-3.29440250027123,-1.7213145301435546,-5.141311778718921,-2.8238972933184616,-0.9986860914725346,-5.141311778718921,-2.768028077069742,-1.1555060746465147
-5.173252156669591,-2.6020234295019145,-0.5638378102037506,-5.141311778718921,-1.8072175306418803,-0.5399008307940821,-5.141311778718921,-2.006809187805976,-0.47060521348784845
-4.916508184993123,-2.6020234295019145,0.7404984033286176,-4.275394471428502,-1.8072175306418803,1.4163559876051581,-1.1335027511191547,-2.006809187805976,1.9705283541502727
-4.916508184993123,-1.7986237315992386,1.3633096985044169,-4.275394471428502,-1.9746235455334458,1.8471309368454536,-1.1335027511191547,-2.200369108131421,2.4886069421213226
-4.363940697734817,-1.7986237315992386,2.3033056122099804,-4.348623381932839,-1.9746235455334458,2.596723172382259,-4.4448819165184315,-2.200369108131421,2.664137198910483
-4.363940697734817,-2.0401208378877564,2.4865738961555803,-4.348623381932839,-2.3656909361994876,2.6102614136892077,-4.4448819165184315,-2.4233612233466526,2.5681676215954843
-1.643098172266419,-2.0401208378877564,2.593059649798171,-1.3971872766016729,-2.3656909361994876,2.494848785109145,-1.472963465981242,-2.4233612233466526,2.277819902794325
-1.643098172266419,-2.05788277768169,2.492692415798859,-1.3971872766016729,-2.4293482460289324,2.1679102232621497,-1.472963465981242,-2.6723972000678704,2.0946101441476443
-1.3123049036231595,-2.05788277768169,2.2315742517103896,-1.3223581322817648,-2.4293482460289324,2.059479423967201,-3.1527399576866086,-2.6723972000678704,2.059479423967201
-1.3123049036231595,-2.4736085373772503,1.0791024675258933,-1.3223581322817648,-2.7655624757476986,0.4239678749695758,-3.1527399576866086,-2.7655624757476986,-0.036956535709303635
-3.478744060498412,-2.4736085373772503,0.4348049864013737,-3.439514917906063,-2.7655624757476986,-0.017766565396580978,-3.2899087434917913,-2.7655624757476986,-0.6614135411518757
-3.478744060498412,-3.7102510313282595,0.002997968262414128,-3.439514917906063,-3.8912937034515243,-0.2513877615120985,-3.2899087434917913,-4.043347342703633,-0.6913387692511218
-3.4163841624712603,-3.7102510313282595,-0.19454021804199367,-2.650020846042964,-3.8912937034515243,-0.6926346882101571,-2.5595451675806182,-4.043347342703633,-1.1763082886967904
-3.4163841624712603,-3.871969182332105,-0.6941737837994786,-2.650020846042964,-4.01850617889138,-1.1620157665332058,-2.5595451675806182,-3.551440991659789,-1.4478482798757288
-5.666821277641855,-3.871969182332105,-1.1600439864491427,-5.780255893865025,-4.01850617889138,-1.4539123589891096,-5.631525384269212,-3.551440991659789,-1.3260076752697505
-5.666821277641855,-4.017608840486637,-1.1095193943968633,-5.780255893865025,-3.6250091878818993,-1.0139259595278043,-5.631525384269212,-3.1778126265440383,-0.931178419345301
-5.299787073843806,-4.017608840486637,-1.3088861774464826,-5.424966151088433,-3.6250091878818993,-1.2473172839690587,-4.64552813121091,-3.1778126265440383,-0.8833179330501532
-5.299787073843806,-3.62180869736359,-1.6522872118653757,-5.424966151088433,-3.1062401994533784,-1.3256315538045924,-4.64552813121091,-2.4598139367036915,-0.9995923278994926
-5.391001851750049,-3.62180869736359,-1.3235407111139985,-4.572829124581192,-3.1062401994533784,-1.1343678714070764,-2.841399357800798,-2.4598139367036915,-0.6166760884779849
-5.391001851750049,-3.8134742582760905,-1.7686083736032234,-4.572829124581192,-3.61422359284132,-2.1310781815338795,-2.841399357800798,-3.45552677108977,-2.1310781815338795
-4.575497635585622,-3.8134742582760905,-1.2210076684092084,-2.93352427403942,-3.61422359284132,-0.6834454501319319,-1.0990303272472015,-3.45552677108977,-0.1335225136953965
-4.575497635585622,-3.420642629878365,-0.9228359991611692,-2.93352427403942,-3.43219111602106,-0.49638747269462086,-1.0990303272472015,-3.43219111602106,0.03298929011488219
-3.8401912070091604,-3.420642629878365,-0.42483202810615556,-1.0825830494507087,-3.43219111602106,0.18081270666332389,-1.1622454900561239,-3.43219111602106,0.8273313159269642
-3.8401912070091604,-2.753946915729969,0.09777092475092965,-1.0825830494507087,-2.6890052911459,0.8719122180627251,-1.1622454900561239,-1.9998589905171673,1.3921866034624784
-2.985483808091284,-2.753946915729969,0.8775299575107033,-1.025658882293485,-2.6890052911459,1.3879627530708287,-0.95770683359135,-1.9998589905171673,1.8461045971434549
-2.985483808091284,-1.7924106448171326,1.1128484410563309,-1.025658882293485,-1.6695532828119617,1.7657944138206054,-0.95770683359135,-1.966218163202912,1.8090771566005763
-1.6179911833740634,-1.7924106448171326,1.0664965998316271,-0.897872963961681,-1.6695532828119617,1.1053982013649817,-1.6568021039499874,-1.966218163202912,1.599693491281274
-1.6179911833740634,-1.7830867506496302,1.6852547048479354,-0.897872963961681,-1.6165302371523451,1.5788753440473713,-1.6568021039499874,-2.3878464678245086,1.558485745337286
-0.7482417324577907,-1.7830867506496302,0.835988622973724,-1.5245673019882464,-1.6165302371523451,0.676728777829074,-2.9362688674494946,-2.3878464678245086,0.6399386154208043
-0.7482417324577907,-1.7377967238326375,1.4059057458436366,-1.5245673019882464,-2.2953299216545515,1.2887901395188008,-2.9362688674494946,-2.55221237063055,1.2629796514638973
-1.5397068439897805,-1.7377967238326375,1.335914463885348,-3.15390969315006,-2.2953299216545515,1.3240515026955706,-3.15390969315006,-2.55221237063055,1.330667685621963
-1.5397068439897805,-2.345734286455171,1.2679338280718446,-3.15390969315006,-2.559611198316881,1.2438814079506857,-3.15390969315006,-2.559611198316881,1.2695421304158063
-3.373452296670169,-2.345734286455171,1.4197321996727246,-3.380714163876971,-2.559611198316881,1.2221994000556933,-3.380714163876971,-2.559611198316881,1.2273198423686782
-3.373452296670169,-3.562212762091802,1.2511803373957526,-3.380714163876971,-3.829900483346229,1.0947917122890287,-3.380714163876971,-3.829900483346229,0.8731188389110243
-2.684230982108548,-3.562212762091802,0.6025479285344224,-2.87872524030371,-3.829900483346229,0.09910580370861287,-2.87872524030371,-3.829900483346229,-0.1276228516073692
-2.684230982108548,-3.802896036391299,-0.0433340247261945,-2.87872524030371,-3.7850005384763694,-0.7250564923120459,-2.87872524030371,-3.5099972607298926,-1.2490500307291759
-2.9588225938951895,-3.802896036391299,-0.7336440878216469,-2.9588225938951895,-3.7850005384763694,-1.2793273961153435,-2.9588225938951895,-3.5099972607298926,-1.4326059225982555
-2.9588225938951895,-4.111887220408183,-1.2868333540549637,-2.9588225938951895,-3.9735115358720323,-1.4361640752373024,-2.9588225938951895,-3.8118199591181874,-1.4609343440574092
-5.339558762462403,-4.111887220408183,-1.4327688665591949,-5.551171243052105,-3.9735115358720323,-1.4526322364964066,-5.551171243052105,-3.8118199591181874,-1.332794868798217
-5.339558762462403,-4.024361006867225,-1.0284481614430183,-5.551171243052105,-3.7797684883110634,-0.8870173734204042,-5.551171243052105,-3.335477585171081,-0.4897177482329696
-5.6166680864952765,-4.024361006867225,-0.8132331697298899,-5.326680380588548,-3.7797684883110634,-0.3714202160725975,-5.326680380588548,-3.335477585171081,0.17831455466129353
-5.6166680864952765,-2.900037214558747,0.1267234946173739,-5.326680380588548,-2.5506445546512353,0.765330344379435,-5.326680380588548,-1.6199535988919753,1.189022549118147
-4.625476298011552,-2.900037214558747,0.779957735355624,-4.625476298011552,-2.5506445546512353,1.1626130762917695,-2.544302814780143,-1.6199535988919753,1.809964125450028
-4.625476298011552,-1.453727871650503,1.2447817626908182,-4.625476298011552,-1.572983173273083,1.8338793298022698,-2.544302814780143,-1.7102114595202202,2.1529235729206557
-2.1698196369985907,-1.453727871650503,1.8180667240682402,-0.17754686496703356,-1.572983173273083,2.1523981980457245,-0.7423543821859224,-1.7102114595202202,2.5641093610631165
-2.1698196369985907,-1.636149480607266,2.615203667763997,-0.17754686496703356,-1.6574733654930758,2.5797785366157786,-0.7423543821859224,-2.1586143324764877,2.460778394622783
-0.10975871690666292,-1.636149480607266,2.5734768830805024,-0.7074851192318576,-1.6574733654930758,2.462176316414967,-1.938407497596521,-2.1586143324764877,2.1076670641825093
-0.10975871690666292,-1.6626322211021918,2.4512645503846624,-0.7074851192318576,-2.1649820231331325,2.1366867535930982,-1.938407497596521,-2.364966755059012,2.1366867535930982
-0.6221161094772205,-1.6626322211021918,2.216378492867559,-1.5319835396469506,-2.1649820231331325,1.9435305031195285,-2.8671222724191416,-2.364966755059012,1.5111724009972554
-0.6221161094772205,-2.238715976649709,2.3178547248878543,-1.5319835396469506,-2.296076956244038,2.3178547248878543,-2.8671222724191416,-2.296076956244038,2.3178547248878543
-1.3817448433523967,-2.238715976649709,2.4244356711418193,-2.8344987264865416,-2.296076956244038,2.4244356711418193,-2.8344987264865416,-2.296076956244038,2.4244356711418193
-1.3817448433523967,-2.3150651458851144,2.4942956840654804,-2.8344987264865416,-2.3150651458851144,2.4942956840654804,-2.8344987264865416,-2.3150651458851144,2.4942956840654804
-2.8217848683918625,-2.3150651458851144,2.715929151070983,-2.8217848683918625,-2.3150651458851144,2.715929151070983,-2.8217848683918625,-2.3150651458851144,2.715929151070983
-2.8217848683918625,-2.138406996592784,2.014468664841615,-2.8217848683918625,-2.138406996592784,1.5694158986601103,-2.8217848683918625,-2.138406996592784,0.9580221600856622
-2.0924418510186773,-2.138406996592784,1.5762000738474757,-3.8981551196786044,-2.138406996592784,0.9640269357671095,-5.233632506019085,-2.138406996592784,0.5429425295910913
-2.0924418510186773,-3.156551309141944,0.9542675205853614,-3.8981551196786044,-3.696316245569768,0.5438837819931478,-5.233632506019085,-3.898361458542351,0.19935741501377957
-3.880062877599142,-3.156551309141944,0.3294484807458987,-5.237182387806763,-3.696316245569768,-0.07265826115327693,-5.716481156780275,-3.898361458542351,-0.7005650505977793
-3.880062877599142,-3.8276792741158205,-0.10318020702274969,-5.237182387806763,-3.844261955838617,-0.6919171506476347,-5.716481156780275,-3.329706186772028,-1.0933588468130004
-5.0716584108181975,-3.8276792741158205,-0.8454115438251463,-5.471131769053692,-3.844261955838617,-1.1087730572686854,-5.368867003198874,-3.329706186772028,-1.176822542916438
-5.0716584108181975,-4.099892914738886,-1.2507858247877792,-5.471131769053692,-3.7141861473919997,-1.447166037633324,-5.368867003198874,-3.274058877541306,-1.4203401787471301
-5.482665009899768,-4.099892914738886,-1.4347282874620046,-5.307784561675421,-3.7141861473919997,-1.406127550857865,-4.8486866336900025,-3.274058877541306,-1.012533798963752
-5.482665009899768,-3.722566437913071,-1.5747852206268844,-5.307784561675421,-3.2554963989828485,-1.3657894381966627,-4.8486866336900025,-2.6206004304531474,-0.868472318578688
-5.3453723197425775,-3.722566437913071,-1.3466470383929967,-4.882650826464416,-3.2554963989828485,-0.8710915795378219,-4.531965857274271,-2.6206004304531474,-0.31403738937585635
-5.3453723197425775,-3.7799746186935645,-1.2588738608059378,-4.882650826464416,-3.342756011222744,-0.8689060584843892,-4.531965857274271,-2.982666422730206,-0.30220522277092604
-4.925758040866201,-3.7799746186935645,-0.8427877246740569,-4.628016453275594,-3.342756011222744,-0.25681544077043755,-4.04211069707897,-2.982666422730206,0.32907286409198044
-4.925758040866201,-3.0652439819963018,-0.32513381395266716,-4.628016453275594,-2.6549737158172526,0.38683562651353176,-4.04211069707897,-1.900207123106944,0.8946723225659039
-4.652272618319947,-3.0652439819963018,-0.1751448604817496,-4.155006905132993,-2.6549737158172526,0.34966110474527085,-3.615670272532036,-1.900207123106944,0.9366330121826107
-4.652272618319947,-2.6340635084078836,0.3423324120942635,-4.155006905132993,-2.7016006474429237,0.9011807962564145,-3.615670272532036,-2.993379751408021,1.3051360113508224
-4.07507775437264,-2.6340635084078836,0.9250538036314667,-2.0690817214987156,-2.7016006474429237,1.264786215757044,0.2585566636917878,-2.993379751408021,1.937387175475857
-4.07507775437264,-1.2106820215292837,1.5378603633345802,-2.0690817214987156,-1.198835762025404,1.9357296852477737,0.2585566636917878,-1.8028519857799454,2.1740688050901014
-2.0150483877331857,-1.2106820215292837,1.956739856186746,0.15823108045916784,-1.198835762025404,2.0767705452206116,-0.3621650041697575,-1.8028519857799454,1.812430978511577
-2.0150483877331857,-1.2474688440850195,2.0642990646843966,0.15823108045916784,-1.816339174186039,1.8864939050977643,-0.3621650041697575,-2.262942269103952,1.4981404729723242
0.019942015555948246,-1.2474688440850195,1.8946316504146936,-0.09750227988266352,-1.816339174186039,1.4730433057185752,-2.2749379027754757,-2.262942269103952,0.9628809574195437
0.019942015555948246,-1.8312650361954117,1.6318431313126336,-0.09750227988266352,-1.904303519734103,0.9481014297337794,-2.2749379027754757,-3.0001358229528208,0.4861449489517667
-0.02865129824385527,-1.8312650361954117,1.516965179809091,-2.2143052985899514,-1.904303519734103,0.9359185058472108,-2.989262889584652,-3.0001358229528208,0.4820936969976001
-0.02865129824385527,-1.9205249551976304,0.9376320032760103,-2.2143052985899514,-2.992681486169949,0.4686079614141486,-2.989262889584652,-3.6898390974515474,-0.0969764810595738
-1.871117265564084,-1.9205249551976304,0.9489835603473414,-3.4272842013705023,-2.992681486169949,0.5109009730939253,-4.316769773010317,-3.6898390974515474,-0.11415962160700988
-1.871117265564084,-3.0485462361550186,0.07631473813493607,-3.4272842013705023,-3.6950976146731427,-0.3042997817265342,-4.316769773010317,-3.9311338654856325,-0.6677004103496142
-1.8768548957584505,-3.0485462361550186,-0.2661960105532647,-3.4827223927844546,-3.6950976146731427,-0.630676341788508,-4.2581277298573825,-3.9311338654856325,-1.041851759884857
-1.8768548957584505,-3.901918225162524,-0.6188297625546971,-3.4827223927844546,-4.118950970576313,-1.0445084875833348,-4.2581277298573825,-3.8807210422332847,-1.2606630129956595
-4.4662666680642475,-3.901918225162524,-1.0865471658634542,-5.104798649628796,-4.118950970576313,-1.2608807664111756,-5.342295861246529,-3.8807210422332847,-1.4019946222963786
-4.4662666680642475,-4.118333937714969,-1.2780475346931506,-5.104798649628796,-3.8684620062485653,-1.3970103145860635,-5.342295861246529,-3.594209991018584,-1.3356339437264508
-5.0037072363481725,-4.118333937714969,-1.5797639766032003,-5.330864327664536,-3.8684620062485653,-1.4283600130632486,-5.246199598197877,-3.594209991018584,-0.9078303308580297
-5.0037072363481725,-3.88966146409025,-1.870408224617357,-5.330864327664536,-3.555117976898621,-2.124516554541409,-5.246199598197877,-2.939691390277788,-2.1464867437601796
-5.257276407621623,-3.88966146409025,-2.1540266298328103,-5.237976612964684,-3.555117976898621,-2.1540266298328103,-4.944926161819607,-2.939691390277788,-2.1602721416367525
-5.257276407621623,-3.7747204358573905,-2.169635564077221,-5.237976612964684,-3.4546492065160717,-2.172063525539763,-4.944926161819607,-2.992088940281807,-2.3097624821394986
-5.243484180827184,-3.7747204358573905,-2.2218411346204565,-4.957026505468864,-3.4546492065160717,-2.326329036951078,-3.978279876708149,-2.992088940281807,-2.326329036951078
-5.243484180827184,-3.952800497994405,-2.3272153360323236,-4.957026505468864,-4.003766098883587,-2.3272153360323236,-3.978279876708149,-4.003766098883587,-2.3272153360323236
-4.979102839650835,-3.952800497994405,-2.3896289381062417,-4.090923304055277,-4.003766098883587,-2.3896289381062417,-2.656346586107426,-4.003766098883587,-2.3896289381062417
-4.979102839650835,-4.1018077645458195,-2.4855832354308762,-4.090923304055277,-4.1018077645458195,-2.4855832354308762,-2.656346586107426,-4.1018077645458195,-2.4855832354308762
-4.561126761806802,-4.1018077645458195,-2.5025778446233753,-3.625772589744324,-4.1018077645458195,-2.5025778446233753,-2.0573352778570597,-4.1018077645458195,-2.5025778446233753
-4.561126761806802,-4.151938636981469,-2.508397234060849,-3.625772589744324,-4.151938636981469,-2.508397234060849,-2.0573352778570597,-4.151938636981469,-2.508397234060849
-4.4583593337306295,-4.151938636981469,-2.5093004465660567,-3.7106190464205424,-4.151938636981469,-2.5093004465660567,-1.9742646940787392,-4.151938636981469,-2.5093004465660567
-4.4583593337306295,-3.822505258408715,-1.4947700039614096,-3.7106190464205424,-3.3000166423671176,-1.335214124485714,-1.9742646940787392,-2.6283217788417303,-0.7467915654653215
-4.441908632349296,-3.822505258408715,-0.3161335662309751,-3.8620996833992485,-3.3000166423671176,0.12321391322702967,-3.311494499367201,-2.6283217788417303,0.7938893589867064
-4.441908632349296,-2.8551650602472773,0.2181365751860594,-3.8620996833992485,-2.62389406079665,0.9850663546772659,-3.311494499367201,-2.0291827932841615,1.5704441888041025
-3.04807012908104,-2.8551650602472773,0.9771223569302067,-2.1556345002561246,-2.62389406079665,1.55517499964693,-0.7526979952624929,-2.0291827932841615,2.0103743441040027
-3.04807012908104,-2.616168697930047,2.0297252845734546,-2.1556345002561246,-2.1005398748000044,2.2298818322176523,-0.7526979952624929,-1.9354087022768047,2.494383211654521
-1.8773651023250544,-2.616168697930047,2.2111523234302184,-0.8525528439837091,-2.1005398748000044,2.472293115832282,0.06459721935266374,-1.9354087022768047,2.809283870924097
-1.8773651023250544,-2.994616282004335,2.4806803513619125,-0.8525528439837091,-3.1074685414468135,2.8128522242180014,0.06459721935266374,-3.460981861524144,2.67923939042179
-1.7876810522046305,-2.994616282004335,2.8325573638563446,-0.6958872673495848,-3.1074685414468135,2.7764590054930975,-1.0298645282699925,-3.460981861524144,2.7019921059997483
-1.7876810522046305,-3.139068384654505,2.788359335832874,-0.6958872673495848,-3.4451102315727886,2.7210469894702944,-1.0298645282699925,-3.7354787173621684,2.7348823707593057
-2.714307622848929,-3.139068384654505,2.7005673726655597,-3.12559829026624,-3.4451102315727886,2.717225729166188,-3.9258608400760076,-3.7354787173621684,2.624498176827008
-2.714307622848929,-3.505964014700954,2.13720649986199,-3.12559829026624,-3.7513284074310107,1.5448463424010768,-3.9258608400760076,-3.431290336425492,1.0825718006784566
-4.003220008823958,-3.505964014700954,1.5594888254073072,-4.3489590054492,-3.7513284074310107,1.0686823183628944,-4.510063592606779,-3.431290336425492,0.5004497903724113
-4.003220008823958,-3.7035940745282936,1.486216646926749,-4.3489590054492,-3.4381191117799084,0.9712632911497557,-4.510063592606779,-3.297413750633199,0.506283497420352
-4.200481628119283,-3.7035940745282936,0.9588452528191956,-4.199718747896564,-3.4381191117799084,0.5140622687162113,-4.036315851452274,-3.297413750633199,-0.027423136129411507
-4.200481628119283,-3.450495917436249,0.5205096772851159,-4.199718747896564,-3.3228688839937734,-0.025302457062688397,-4.036315851452274,-2.8192035885783486,-0.5902452191112549
-4.284203728970518,-3.450495917436249,-0.014812392978150853,-4.334103720556002,-3.3228688839937734,-0.5930940284730892,-4.288781516969681,-2.8192035885783486,-1.0298482325637248
-4.284203728970518,-3.805912199572723,-0.2945873414550373,-4.334103720556002,-3.375181406487753,-0.7785257775225046,-4.288781516969681,-2.7893485412570387,-1.176978879246465
-4.305698245733608,-3.805912199572723,-0.6314489920482411,-4.324671734138734,-3.375181406487753,-1.0156594081645869,-4.38919344378073,-2.7893485412570387,-1.3520485393650046
-4.305698245733608,-3.7906108108924927,-1.0131111414289773,-4.324671734138734,-3.4190476356679356,-1.3413741690489243,-4.38919344378073,-2.8727488430758035,-1.418950576322972
-4.270683611589809,-3.7906108108924927,-1.3279215897004033,-4.363657352125417,-3.4190476356679356,-1.4353653564386613,-4.289282244872351,-2.8727488430758035,-1.384968344618251
-4.270683611589809,-4.1604561069391535,-1.4857721767985455,-4.363657352125417,-4.13914913163345,-1.5929001438622217,-4.289282244872351,-4.137404397594874,-1.4600593666895205
-5.031883294255565,-4.1604561069391535,-1.570567872787696,-5.02508230401826,-4.13914913163345,-1.4611765202325213,-4.9683309265498625,-4.137404397594874,-1.212293779738125
-5.031883294255565,-4.17272877283278,-2.386727973019,-5.02508230401826,-4.163655210335282,-2.401371147117156,-4.9683309265498625,-4.156116357420558,-2.4750213090905033
-5.019922977885944,-4.17272877283278,-2.463561588237238,-4.972006265133038,-4.163655210335282,-2.5355543969213987,-4.739911153244834,-4.156116357420558,-2.52078804271679
-5.019922977885944,-4.172891513830841,-2.521542858218105,-4.972006265133038,-4.1537787501842285,-2.517104023379467,-4.739911153244834,-4.1537787501842285,-2.458993739127259
-4.741316461052382,-4.172891513830841,-2.533316172323738,-4.212471400988692,-4.1537787501842285,-2.5118755562195316,-3.285385079901342,-4.1537787501842285,-2.5118755562195316
-4.741316461052382,-4.177084879902627,-1.8749396366273774,-4.212471400988692,-4.177084879902627,-1.6865022205261877,-3.285385079901342,-4.177084879902627,-1.1845260431351454
-3.760636192749487,-4.177084879902627,-1.1103344037461529,-1.8900351391606707,-4.177084879902627,-0.3453434143501474,-0.3529585687065399,-4.177084879902627,0.3081415070716677
-3.760636192749487,-3.298466863604628,-0.350434420969941,-1.8900351391606707,-2.680277974299464,0.1827371882034674,-0.3529585687065399,-1.9956213837699361,1.0772040732409205
-3.4435142706059585,-3.298466863604628,0.1492877763858658,-2.211702506338257,-2.680277974299464,0.8029842948886757,-1.1665442553166894,-1.9956213837699361,1.337464933580518
-3.4435142706059585,-2.629363247751789,0.7277324542498462,-2.211702506338257,-1.780360241903621,1.3371697834729521,-1.1665442553166894,-1.0811104198470818,1.9551392000771126
-2.0843767457539615,-2.629363247751789,1.0224275660808149,-1.1448945668306687,-1.780360241903621,1.502316088498008,-0.13832065244100353,-1.0811104198470818,1.9301553706332613
-2.0843767457539615,-1.6808941521006737,1.4934074244834599,-1.1448945668306687,-1.0798929953416878,1.947031321300365,-0.13832065244100353,-1.0897440093079303,2.1447479678449803
-1.1431045195632195,-1.6808941521006737,1.946680143079083,-0.2826627553888072,-1.0798929953416878,2.14808269616087,-0.499555360914318,-1.0897440093079303,2.3950673655785644
-1.1431045195632195,-1.4084489735681434,1.9512857466394897,-0.2826627553888072,-1.2141849120513002,1.9453184793052474,-0.499555360914318,-1.7082415099811783,1.6135419206775161
-0.23448099963703462,-1.4084489735681434,1.9996370474849585,-0.7227433822516572,-1.2141849120513002,1.7491408077420365,-1.8131492810105738,-1.7082415099811783,1.2661926986135112
-0.23448099963703462,-1.1816760560001007,2.265916545425839,-0.7227433822516572,-1.7779142543157689,2.008720498705558,-1.8131492810105738,-2.8984821220543013,1.5666559046677413
-0.3422776266901509,-1.1816760560001007,2.3668920343655855,-1.950384598449447,-1.7779142543157689,1.9603840365130998,-3.3568235474241046,-2.8984821220543013,1.6074684512902953
-0.3422776266901509,-1.6555125959931036,2.637591789552219,-1.950384598449447,-2.079214601334776,2.644683657352323,-3.3568235474241046,-3.17535324135981,2.70030924580349
-0.8133348417228962,-1.6555125959931036,2.318396573339494,-3.40254121347553,-2.079214601334776,1.9798102165982294,-4.913674537114964,-3.17535324135981,1.6465299827550186
-0.8133348417228962,-2.11020728026094,1.979962142199308,-3.40254121347553,-3.202464646075008,1.6453315331930545,-4.913674537114964,-3.7242547081145094,1.0337803355240822
-1.0352739635433486,-2.11020728026094,1.0267538673667973,-3.4193942180386934,-3.202464646075008,0.5021749436313863,-4.840023801733389,-3.7242547081145094,-0.00961134718500488
-1.0352739635433486,-2.864355841810697,0.8987541623275178,-3.4193942180386934,-3.6685114630917663,0.3516192281865685,-4.840023801733389,-3.9850121848188276,-0.0800359958513791
-0.7037590893033049,-2.864355841810697,0.3559558489008082,-0.7037590893033049,-3.6685114630917663,-0.07459093992250575,-0.7037590893033049,-3.9850121848188276,-0.6411439707718856
-0.7037590893033049,-3.4590031828360868,-0.07950013580025216,-0.7037590893033049,-3.9371507886911683,-0.6250608068023564,-0.7037590893033049,-4.02508576459832,-1.036951529363089
-0.5888924452298075,-3.4590031828360868,-0.159669762537969,-0.5888924452298075,-3.9371507886911683,-0.6439723070773582,-0.5888924452298075,-4.02508576459832,-0.9842405057388659
-0.5888924452298075,-3.980062735243917,-0.644484444130982,-0.5888924452298075,-4.01650016381597,-1.0014364832916858,-0.5888924452298075,-3.540790894125509,-1.2301043214959995
-3.431486109438173,-3.980062735243917,-0.7351726579244261,-4.760066771654718,-4.01650016381597,-0.9821114951610092,-5.222242733252181,-3.540790894125509,-1.2487018089012685
-3.431486109438173,-4.118119687587851,-1.0052049664832692,-4.760066771654718,-4.021117822251355,-1.2870497741422646,-5.222242733252181,-3.694888816244593,-1.4375587724739365
-4.721153655527548,-4.118119687587851,-1.2404532976223543,-5.181608632247806,-4.021117822251355,-1.4209297063272406,-5.244045277490831,-3.694888816244593,-1.3408796366588005
-4.721153655527548,-4.015091412641968,-1.4142875737302967,-5.181608632247806,-3.6923896322667304,-1.3319394637885895,-5.244045277490831,-3.0518136891646654,-1.1095294117931112
-4.7149166449276265,-4.015091412641968,-1.364924970798542,-4.790068118848738,-3.6923896322667304,-1.2005067085393588,-4.6452638505454384,-3.0518136891646654,-0.7141868216412237
-4.7149166449276265,-4.083677514851192,-1.5389647962842714,-4.790068118848738,-4.20160485016156,-1.3142732031111735,-4.6452638505454384,-4.13880299382307,-0.9807312345703103
-4.598348975570507,-4.083677514851192,-1.1368790188892175,-4.553173965283287,-4.20160485016156,-0.6109050844608236,-4.696056081159977,-4.13880299382307,-0.07198392999746839
-4.598348975570507,-4.225449591421388,-0.7078430387666467,-4.553173965283287,-4.1651185963072725,-0.19131548952922042,-4.696056081159977,-4.1651185963072725,0.32058514649898356
-4.239400586208925,-4.225449591421388,-0.1085698002106228,-4.483164857462761,-4.1651185963072725,0.3192103201719592,-4.734659816426441,-4.1651185963072725,1.0774047014897334
-4.239400586208925,-3.350657333592852,0.19874114987832223,-4.483164857462761,-2.661995455216485,0.8355414918237088,-4.734659816426441,-2.31760897743854,1.148497449247293
-3.0960438943840414,-3.350657333592852,0.7145399389979872,-3.207734673631256,-2.661995455216485,1.0460443026277995,-3.4762893032752142,-2.31760897743854,1.4636035270981145
-3.0960438943840414,-2.552577248044343,0.8030434437590488,-3.207734673631256,-1.7706773342317867,1.0459977921654746,-3.4762893032752142,-1.3726683385613758,1.114798461739048
-0.5619255743634654,-2.552577248044343,0.9966888038236196,0.5586283112703768,-1.7706773342317867,1.1380504401590816,0.596352966635974,-1.3726683385613758,1.340603210708851
-0.5619255743634654,-1.6532651307147916,1.0306437891758913,0.5586283112703768,-1.0903942463645242,1.1652330547315388,0.596352966635974,-1.5835155521449318,1.410512239295081
-0.9893803176232223,-1.6532651307147916,1.1071652253228554,-1.1606370723425103,-1.0903942463645242,1.2826384365520929,-2.381171875677422,-1.5835155521449318,1.3793635079850866
-0.9893803176232223,-1.0306719913307798,1.6197187216655453,-1.1606370723425103,-1.531806633803182,1.5246503224052916,-2.381171875677422,-1.909079087315578,1.3732746809348566
0.79309430406758,-1.0306719913307798,1.3041042189494199,0.3569532145916514,-1.531806633803182,1.2433687378542038,-0.052103461599251735,-1.909079087315578,1.006796617040019
0.79309430406758,-1.5258411128785005,1.167766791577673,0.3569532145916514,-1.9470834331666564,0.9729657423264247,-0.052103461599251735,-2.3774805181090177,0.4479941299790322
0.46320922785016605,-1.5258411128785005,0.9628788388334942,-0.08671735606683097,-1.9470834331666564,0.4494099409488798,-1.7930759719331362,-2.3774805181090177,0.056436041757433525
0.46320922785016605,-1.8040347466829332,0.29603874626992727,-0.08671735606683097,-2.3720914961005968,-0.01406647620071263,-1.7930759719331362,-3.1508729875310744,-0.5426634003589664
0.04092770939028874,-1.8040347466829332,-2.2934901219177472e-05,-0.2522883610031748,-2.3720914961005968,-0.53064699482152,-1.968236692937953,-3.1508729875310744,-0.9143307135115332
0.04092770939028874,-3.2478881140647613,-0.45254654342083395,-0.2522883610031748,-3.6192265579593195,-0.8619620490353453,-1.968236692937953,-3.96057816351166,-1.1780711438146547
-0.07868120802540401,-3.2478881140647613,-0.5289040497898074,-1.8298640359916463,-3.6192265579593195,-0.9281428733371365,-3.4404853283920103,-3.96057816351166,-1.2514010695416278
-0.07868120802540401,-3.7067748268598963,-0.9277122586914159,-1.8298640359916463,-3.9484356713733284,-1.2537829840417258,-3.4404853283920103,-4.04434981543292,-1.4552302574633098
-3.474529232172965,-3.7067748268598963,-1.1433445558512845,-4.581495787281716,-3.9484356713733284,-1.1023428645521895,-5.0952500344254865,-4.04434981543292,-1.0065830112975978
-3.474529232172965,-3.9275185911291794,-0.9294481211933787,-4.581495787281716,-4.057776233855299,-0.8058420604918703,-5.0952500344254865,-3.6501048006662073,-0.37997882373781766
-4.6870550672751765,-3.9275185911291794,-1.4247722104422047,-5.28618878966784,-4.057776233855299,-1.3240431604385978,-5.2060793421734175,-3.6501048006662073,-1.1949018119275396
-4.6870550672751765,-4.045204970695913,-1.4357248798331455,-5.28618878966784,-3.4456232088114738,-1.2743505925332765,-5.2060793421734175,-3.0600686944232733,-1.026888766822619
-4.571800312745514,-4.045204970695913,-1.492009101822086,-4.6960231686327525,-3.4456232088114738,-1.2249291135202536,-4.816077139731599,-3.0600686944232733,-0.9677918515037985
-4.571800312745514,-3.8775300322708777,-1.9536536298572584,-4.6960231686327525,-3.763476943471711,-1.9364690837983725,-4.816077139731599,-3.0012367998698957,-1.7176314228222478
-4.6814365794353305,-3.8775300322708777,-2.0433649825333697,-4.710071574473423,-3.763476943471711,-1.9728460721369903,-4.81301984003274,-3.0012367998698957,-1.9062326297813188
-4.6814365794353305,-4.263685332865326,-2.518054773722059,-4.710071574473423,-4.159789579619464,-2.497524515281366,-4.81301984003274,-4.150073413806999,-2.4954372409191428
-4.459711678550694,-4.263685332865326,-2.4820626717080287,-4.3897736755317105,-4.159789579619464,-2.5000638171848775,-4.014347147075086,-4.150073413806999,-2.4798165604752014
-4.459711678550694,-4.161152004195778,-1.8690880860410328,-4.3897736755317105,-4.143483198179618,-1.6339422282214755,-4.014347147075086,-4.091378207823566,-1.251497381012817
-4.249864744745382,-4.161152004195778,-1.12079805825516,-4.015083859392327,-4.143483198179618,-0.3638274963679459,-2.867412563271317,-4.091378207823566,0.1475754919017826
-4.249864744745382,-3.105027528140798,-0.6215758188625381,-4.015083859392327,-2.4761889869002056,0.05351161839401867,-2.867412563271317,-1.7162808609791467,0.7374969341210424
-2.712509014057777,-3.105027528140798,0.1527316358046715,-2.3512614428419063,-2.4761889869002056,0.9268334571951958,-0.7807980935080517,-1.7162808609791467,1.521322635210625
-2.712509014057777,-2.4108796382859365,1.137780970955994,-2.3512614428419063,-1.7625377608186703,1.8234554361365831,-0.7807980935080517,-1.150466171878305,2.2212039985008696
-2.4969167758163717,-2.4108796382859365,2.0632102904753378,-0.24439276120341275,-1.7625377608186703,2.2930821146348124,0.9596536831933515,-1.150466171878305,2.5369196192750603
-2.4969167758163717,-1.1400911530484696,2.211574846540376,-0.24439276120341275,-1.076656120877418,2.5370591710544157,0.9596536831933515,-1.7166596683700568,2.547975453169812
0.0646179413313659,-1.1400911530484696,1.8326902434924506,1.4506135269596712,-1.076656120877418,1.5864467436606844,1.2440898423309585,-1.7166596683700568,0.9211568721382613
0.0646179413313659,-1.0194332020776995,0.8108110229616331,1.4506135269596712,-1.6834132574549383,0.18842587908425787,1.2440898423309585,-2.3685972941527695,-0.20008923325658326
1.443612461993374,-1.0194332020776995,-0.5173877988971748,1.241078391295163,-1.6834132574549383,-0.8154184982095493,0.0997363439941736,-2.3685972941527695,-1.187192690856378
1.443612461993374,-1.7574710324129357,-1.5306816117561508,1.241078391295163,-2.4550504270252587,-1.6652487406151208,0.0997363439941736,-3.408984703362326,-1.6473559197507548
1.0616188594445612,-1.7574710324129357,-2.5185220417861474,0.1444931143497644,-2.4550504270252587,-2.422183681005224,-0.4892050044458306,-3.408984703362326,-2.446642814406686
1.0616188594445612,-1.907979922717932,-2.4769406868301544,0.1444931143497644,-2.445719029004608,-2.4668186685100486,-0.4892050044458306,-3.4428058350020048,-2.4814283322506263
0.1864754093521023,-1.907979922717932,-2.5709048529871676,-0.5556184403107002,-2.445719029004608,-2.5668837182774986,-2.053377875044238,-3.4428058350020048,-2.5053671715306693
0.1864754093521023,-1.636261664514899,-2.5789954314883534,-0.5556184403107002,-2.3612723834624285,-2.517338477647649,-2.053377875044238,-3.433189407400174,-2.517338477647649
0.1857462733156512,-1.636261664514899,-2.5188644199869414,-0.5997780751093523,-2.3612723834624285,-2.5188644199869414,-2.0478905067517656,-3.433189407400174,-2.5188644199869414
0.1857462733156512,-1.3626334995338478,-1.954774541616172,-0.5997780751093523,-1.3626334995338478,-1.6381662056755517,-2.0478905067517656,-1.3626334995338478,-1.0442775369061574
0.5678586976031094,-1.3626334995338478,-1.4758766658467677,0.5678586976031094,-1.3626334995338478,-0.9751701354086771,0.5678586976031094,-1.3626334995338478,-0.2125181383206961
0.5678586976031094,-1.293479854601264,-1.0456266725784418,0.5678586976031094,-1.293479854601264,-0.3685030630678541,0.5678586976031094,-1.293479854601264,0.1898283478795994
1.6114322234307266,-1.293479854601264,-1.1472756056288744,1.6114322234307266,-1.293479854601264,-0.41241180069003647,1.6114322234307266,-1.293479854601264,0.15457967657350843
1.6114322234307266,-1.177337610116486,-0.9103886934219735,1.6114322234307266,-1.177337610116486,-0.28929142286297277,1.6114322234307266,-1.177337610116486,0.15238341848591427
1.7755134813751485,-1.177337610116486,-0.7568110204604361,1.7755134813751485,-1.177337610116486,-0.12774438760474816,1.7755134813751485,-1.177337610116486,0.20092380212618738
1.7755134813751485,-0.8515188595837284,-0.5850467100177704,1.7755134813751485,-0.8515188595837284,0.0435135874293499,1.7755134813751485,-0.8515188595837284,0.6953678940122929
2.036443969617644,-0.8515188595837284,-1.1495415420297739,2.036443969617644,-0.8515188595837284,-0.7223477861548078,2.036443969617644,-0.8515188595837284,-0.3496913004696168
2.036443969617644,-0.665725444176649,-1.379039848296112,2.036443969617644,-0.665725444176649,-1.4004000413403337,2.036443969617644,-0.665725444176649,-1.2002141349212916
2.478680355515924,-0.665725444176649,-1.6591524634870405,2.478680355515924,-0.665725444176649,-1.4779384484365792,2.478680355515924,-0.665725444176649,-1.392131025996142
2.478680355515924,-0.6456644555609786,-1.969094953326576,2.478680355515924,-0.6456644555609786,-2.0409481750609606,2.478680355515924,-0.6456644555609786,-1.9503642947426243
2.5002512419978853,-0.6456644555609786,-1.8896865035535881,2.5002512419978853,-0.6456644555609786,-1.7893382138984368,2.5002512419978853,-0.6456644555609786,-1.7028515947106104
2.5002512419978853,-1.7697445146745578,-1.6817543153215369,2.5002512419978853,-2.245644637900818,-1.3747274763550856,2.5002512419978853,-3.193856666467588,-1.0360910242361192
2.399848714356257,-1.7697445146745578,-1.1174833520174483,2.399848714356257,-2.245644637900818,-0.6063584557453607,2.399848714356257,-3.193856666467588,-0.017428520625903377
2.399848714356257,-3.6437707715650176,-0.6000169996217127,2.399848714356257,-4.00118912015265,-0.0331506847733384,2.399848714356257,-4.065144315050304,0.24764885130596961
-1.5051964352539868,-3.6437707715650176,-0.06796882866652881,-3.237745957969333,-4.00118912015265,0.21802108373868956,-4.253012388195943,-4.065144315050304,0.8181608966274149
-1.5051964352539868,-3.847427536652088,-0.20045684518450044,-3.237745957969333,-3.9308005168513414,-0.03601306669672279,-4.253012388195943,-3.867513135494659,-0.12571133916177787
-3.055330160969534,-3.847427536652088,-0.1808789460221766,-4.3204846387753815,-3.9308005168513414,-0.20274083600332102,-4.58590319508467,-3.867513135494659,-0.19201485808396493
-3.055330160969534,-3.826409608661605,-0.9131923826265734,-4.3204846387753815,-3.8726715853554388,-1.0526335105494988,-4.58590319508467,-4.038893268058906,-1.0273861050998934
-4.270572127782427,-3.826409608661605,-0.6396867502198024,-4.529813836181402,-3.8726715853554388,-0.7165823786619311,-4.520427084159752,-4.038893268058906,-0.7129793078908703
-4.270572127782427,-3.321338536108628,-0.37782547077771955,-4.529813836181402,-3.4313614411719633,-0.2597759730501421,-4.520427084159752,-3.719383134174334,-0.2782717060315249
-3.8431503869920802,-3.321338536108628,-0.19375776938603792,-4.005408992291005,-3.4313614411719633,-0.2248728638512471,-3.8198899591259576,-3.719383134174334,-0.3839739287320301
-3.8431503869920802,-2.895421679936574,0.7378401661354118,-4.005408992291005,-3.3279014680261265,1.0221884663332865,-3.8198899591259576,-3.4948666454829023,1.3751519663058682
-3.3688338396599673,-2.895421679936574,1.0267179235327504,-3.2877498579918223,-3.3279014680261265,1.3882607667339295,-3.31099706124186,-3.4948666454829023,1.6735628641735074
-3.3688338396599673,-2.5801976789144367,1.8588217435156704,-3.2877498579918223,-2.6110688155500803,2.033957565946141,-3.31099706124186,-3.051157957903542,2.139331259036725
-3.2394948938147663,-2.5801976789144367,1.799775177271731,-3.645799074566971,-2.6110688155500803,1.8626635274321959,-3.8407383360399963,-3.051157957903542,1.648057243446789
-3.2394948938147663,-1.1849230237117088,2.15180660825593,-3.645799074566971,-1.6366150103149006,1.8830721251207077,-3.8407383360399963,-2.2683330573916995,1.5002054561349478
-1.0009229129382107,-1.1849230237117088,2.3265570211017477,-1.988157286075608,-1.6366150103149006,2.212943655728249,-2.7717160337004487,-2.2683330573916995,2.245766432392437
-1.0009229129382107,-0.543657328381435,2.7771819483364393,-1.988157286075608,-0.7844968023666459,2.7682094745324832,-2.7717160337004487,-0.8147122838850948,2.6537593870129785
0.3574581688602216,-0.543657328381435,2.2193409914006446,-0.952426591619676,-0.7844968023666459,2.1080435516983447,-3.025468391337273,-0.8147122838850948,1.6616403070200247
0.3574581688602216,-0.8319517336277055,2.1784987086144554,-0.952426591619676,-0.8545362519613876,2.0721052838875984,-3.025468391337273,-0.74565123380734,1.6646301109908206
2.752344953085771,-0.8319517336277055,2.041218783787242,2.105884549271402,-0.8545362519613876,1.6086546268832969,2.231705851570002,-0.74565123380734,1.0069943856559758
2.752344953085771,-0.8015505735577972,1.0514955598211695,2.105884549271402,-0.7973491008431481,0.5129151423754096,2.231705851570002,-0.5892515015439934,0.030624948886290245
2.0823563245416876,-0.8015505735577972,0.8454674326880408,2.190917512203584,-0.7973491008431481,0.31582987039805466,2.212602915259568,-0.5892515015439934,0.01639065260681555
2.0823563245416876,-2.4135232525222796,0.15637297395078412,2.190917512203584,-3.261987924153596,-0.22620674678585112,2.212602915259568,-3.497849868297903,-0.6638878484010863
2.1448791351775798,-2.4135232525222796,0.02631369697866605,2.179744309666274,-3.261987924153596,-0.24594266445549615,2.3149384871380416,-3.497849868297903,-0.587078462318168
2.1448791351775798,-3.2765150594777053,-0.4973234203687529,2.179744309666274,-3.5178581515891696,-0.8972705353230729,2.3149384871380416,-3.853622906971817,-1.2106248415437968
